{
  "timestamp": "2025-08-16T14:48:39.0993531-05:00",
  "config": {
    "output_path": "sota_comparison.json",
    "systems_to_test": [
      "contextlite_optimization",
      "bm25_baseline",
      "embedding_retrieval",
      "llm_reranking"
    ],
    "query_types": [
      "factual",
      "analytical",
      "creative"
    ],
    "max_documents": 3,
    "budget_tokens": 4000,
    "run_iterations": 1,
    "significance_test": true
  },
  "system_results": {
    "bm25_baseline": {
      "system_type": "bm25_baseline",
      "query_count": 6,
      "mean_recall_at_1": 0.023809523809523808,
      "mean_recall_at_3": 0.047619047619047616,
      "mean_recall_at_5": 0.047619047619047616,
      "mean_recall_at_10": 0.047619047619047616,
      "mean_ndcg_at_1": 0.16666666666666666,
      "mean_ndcg_at_3": 0.13065359161791476,
      "mean_ndcg_at_5": 0.13065359161791476,
      "mean_ndcg_at_10": 0.13065359161791476,
      "mean_map": 0.03968253968253968,
      "mean_mrr": 0.16666666666666666,
      "mean_precision": 0.1111111111111111,
      "mean_f1_score": 0.06666666666666667,
      "mean_latency_ms": 15.166666666666666,
      "mean_memory_mb": 22,
      "mean_context_length": 2970,
      "std_recall_at_5": 0.10647942749998998,
      "std_ndcg_at_5": 0.29215031236215416,
      "std_latency_ms": 0.3726779962499649
    },
    "contextlite_optimization": {
      "system_type": "contextlite_optimization",
      "query_count": 6,
      "mean_recall_at_1": 0.023809523809523808,
      "mean_recall_at_3": 0.07142857142857142,
      "mean_recall_at_5": 0.07142857142857142,
      "mean_recall_at_10": 0.07142857142857142,
      "mean_ndcg_at_1": 0.16666666666666666,
      "mean_ndcg_at_3": 0.16666666666666666,
      "mean_ndcg_at_5": 0.16666666666666666,
      "mean_ndcg_at_10": 0.16666666666666666,
      "mean_map": 0.07142857142857142,
      "mean_mrr": 0.16666666666666666,
      "mean_precision": 0.16666666666666666,
      "mean_f1_score": 0.09999999999999999,
      "mean_latency_ms": 0,
      "mean_memory_mb": 28.5,
      "mean_context_length": 2550,
      "std_recall_at_5": 0.15971914124998499,
      "std_ndcg_at_5": 0.372677996249965,
      "std_latency_ms": 0
    },
    "embedding_retrieval": {
      "system_type": "embedding_retrieval",
      "query_count": 6,
      "mean_recall_at_1": 0.023809523809523808,
      "mean_recall_at_3": 0.07142857142857142,
      "mean_recall_at_5": 0.07142857142857142,
      "mean_recall_at_10": 0.07142857142857142,
      "mean_ndcg_at_1": 0.16666666666666666,
      "mean_ndcg_at_3": 0.16666666666666666,
      "mean_ndcg_at_5": 0.16666666666666666,
      "mean_ndcg_at_10": 0.16666666666666666,
      "mean_map": 0.07142857142857142,
      "mean_mrr": 0.16666666666666666,
      "mean_precision": 0.16666666666666666,
      "mean_f1_score": 0.09999999999999999,
      "mean_latency_ms": 125,
      "mean_memory_mb": 45.199999999999996,
      "mean_context_length": 2550,
      "std_recall_at_5": 0.15971914124998499,
      "std_ndcg_at_5": 0.372677996249965,
      "std_latency_ms": 0
    },
    "llm_reranking": {
      "system_type": "llm_reranking",
      "query_count": 6,
      "mean_recall_at_1": 0.023809523809523808,
      "mean_recall_at_3": 0.07142857142857142,
      "mean_recall_at_5": 0.07142857142857142,
      "mean_recall_at_10": 0.07142857142857142,
      "mean_ndcg_at_1": 0.16666666666666666,
      "mean_ndcg_at_3": 0.16666666666666666,
      "mean_ndcg_at_5": 0.16666666666666666,
      "mean_ndcg_at_10": 0.16666666666666666,
      "mean_map": 0.07142857142857142,
      "mean_mrr": 0.16666666666666666,
      "mean_precision": 0.16666666666666666,
      "mean_f1_score": 0.09999999999999999,
      "mean_latency_ms": 850,
      "mean_memory_mb": 128,
      "mean_context_length": 2550,
      "std_recall_at_5": 0.15971914124998499,
      "std_ndcg_at_5": 0.372677996249965,
      "std_latency_ms": 0
    }
  },
  "summary": {
    "ranking_by_recall_5": [
      {
        "system": "contextlite_optimization",
        "score": 0.07142857142857142,
        "rank": 1
      },
      {
        "system": "embedding_retrieval",
        "score": 0.07142857142857142,
        "rank": 2
      },
      {
        "system": "llm_reranking",
        "score": 0.07142857142857142,
        "rank": 3
      },
      {
        "system": "bm25_baseline",
        "score": 0.047619047619047616,
        "rank": 4
      }
    ],
    "ranking_by_ndcg_5": [
      {
        "system": "contextlite_optimization",
        "score": 0.16666666666666666,
        "rank": 1
      },
      {
        "system": "embedding_retrieval",
        "score": 0.16666666666666666,
        "rank": 2
      },
      {
        "system": "llm_reranking",
        "score": 0.16666666666666666,
        "rank": 3
      },
      {
        "system": "bm25_baseline",
        "score": 0.13065359161791476,
        "rank": 4
      }
    ],
    "ranking_by_latency": [
      {
        "system": "contextlite_optimization",
        "score": 0,
        "rank": 1
      },
      {
        "system": "bm25_baseline",
        "score": 15.166666666666666,
        "rank": 2
      },
      {
        "system": "embedding_retrieval",
        "score": 125,
        "rank": 3
      },
      {
        "system": "llm_reranking",
        "score": 850,
        "rank": 4
      }
    ],
    "significance_tests": {},
    "best_overall_system": "contextlite_optimization",
    "best_efficiency_system": "contextlite_optimization",
    "sota_advantage_percent": 0
  }
}
